0.26329517	0.018603496	-0.18005544	0.026827248	0.19489443	-0.022657732	-0.026099836	0.037697285	-0.11478076	-0.0034124872	0.13172284	0.015837958	0.09764695	0.07942076	0.10521512	0.07081468	-0.14438972	0.12102423	0.05952947	-0.05937531	0.25894386	0.14579913	-0.12442647	0.2446969	0.20749927	0.13959524	-0.050855104	0.017906897	0.022482788	-0.0949978	-0.13640268	0.12649156	0.03741521	0.04483601	-0.16114627	0.038032167	-0.106473744	0.25060555	0.09525055	-0.06979014	-0.151259	0.2594446	0.13374497	-0.038023565	-0.20343316	0.12837479	0.07461484	-0.27023667	-0.23322341	-0.09797406	-0.12649055	0.08311764	0.14752528	0.2811332	-0.087296456	0.0030758393	0.04382963	0.040746782	-0.09083656	-0.13441963	-0.05203056	-0.061184183	-0.024007156	0.023552887
-0.0017689681	-0.019028462	-0.23501436	0.065226674	-0.06339381	-0.1375596	0.048511673	-0.055048823	0.1297778	0.05669103	0.30000323	0.024779523	0.021939088	-0.23714638	0.17676347	0.35934883	0.12151522	-0.01481592	0.24403007	0.010202563	-0.12480972	-0.012266609	0.016382288	0.35356718	-0.079734184	0.11860107	0.12365424	0.005077431	-0.08909332	-0.054399878	-0.22409928	0.050327733	-0.112187475	-0.095375575	-0.14840771	0.12385391	0.16085692	0.06273352	-0.076334916	-0.4636642	0.018965298	0.017626656	-0.26025847	-0.17958008	-0.31659818	0.06424869	0.0020653524	0.082484834	0.10851983	0.094784126	-0.18707977	-0.20441447	0.0982507	0.087168075	0.36854222	-0.1325177	0.28065714	-0.028745538	-0.1526164	-0.009374814	-0.24510628	-0.02698827	-0.48103845	0.13979217
0.011222745	-0.04218933	-0.008805702	0.09427218	-0.0065103048	-0.030595506	-0.024436332	-0.068718664	0.081611946	-0.10544956	0.019256542	-0.17591771	-0.07223935	0.13700216	-0.0004585355	0.09265035	0.012808278	-0.06195974	-0.059131954	0.09637765	-0.03420338	-0.019680144	0.090529636	0.1306233	-0.10279112	0.070217684	-0.028556267	-0.065838136	0.01348643	0.032322418	0.17495386	-0.095920585	-0.08171346	-0.15842414	0.016137935	-0.110815555	0.024290357	0.054897174	-0.10584762	-0.015345767	-0.14061108	0.19743505	0.060113102	-0.049804285	-0.05750782	0.052012734	-0.025596568	0.040101863	0.04444944	0.060876288	0.1104948	-0.036675602	0.046295628	0.018023837	-0.003661914	0.013611093	0.058207855	-0.15347062	0.0015902742	0.05169066	0.12369297	-0.026995553	0.026400138	-0.008539298
-0.13818221	-0.053537965	0.075773664	0.033404123	-0.098979354	0.064851016	0.03688757	0.0086135175	-0.08209937	-0.016274089	-0.08108932	-0.08585184	0.03422955	0.001175368	0.00745248	0.049939666	-0.081876956	0.02947357	0.07752563	0.028856263	-0.02318411	0.074071206	-0.05058281	-0.042094544	-0.01406414	0.0047979644	-0.07416023	-0.0028713013	-0.01007291	0.1334691	0.019754415	0.008665178	0.012151273	0.0933891	-0.037302215	0.015191427	0.09136862	-0.09163218	-0.08949468	0.037112344	0.040743794	-0.06973739	-0.11264699	0.050046645	-0.0031128775	0.08643154	0.10408097	-0.07587756	0.030047016	-0.05392295	-0.09555372	-0.028594038	0.0008157559	-0.009957311	0.06842659	0.018806899	0.057448674	-0.028249571	0.035425406	-0.024241181	0.026815109	-0.14249772	-0.020486861	-0.005828754
0.035224054	-0.06565459	-0.13531965	0.046496484	-0.036948044	-0.017178603	0.07449469	-0.11727561	-0.04129521	0.040277377	-0.13594773	0.10593036	-0.0033834062	0.03212836	-0.00029809418	0.110233955	-0.0434692	-0.0787076	0.012214295	0.16086559	0.119322434	-0.16104954	-0.023712236	-0.027949698	-0.04367843	0.003606933	0.08960589	0.19410826	-0.07563267	-0.02667647	-0.17617308	-0.0146140475	-0.0020417175	-0.059892695	-0.08477277	0.043804243	-0.029118827	-0.1338003	-0.0015743524	-0.07577859	0.041706763	0.13890408	0.21722421	-0.136369	-0.06649164	-0.0036935755	0.020109637	-0.022360032	-0.014736773	-0.023666559	0.10593229	0.022646666	0.021271164	0.11051879	0.11042579	-0.13253956	-0.124684595	-0.10489702	-0.030366883	0.11937001	0.046390582	0.04882027	0.35562894	0.11383198
0.24024051	0.21860504	0.20476532	-0.0042780144	-0.05813435	-0.1571743	-0.11743323	-0.0028593936	-0.094994776	0.01062076	-0.06316073	-0.08553159	0.06277901	-0.10764628	-0.0003203184	0.16166809	0.038605604	-0.060365032	0.03371651	0.15229978	0.12227735	-0.15457663	0.14831866	0.17158736	0.09093965	-0.07570434	-0.031498786	-0.0028736778	0.17406078	-0.10945731	-0.10587464	0.108656876	-0.19480793	0.0015150029	0.10203249	0.05689903	-0.16963735	0.007968454	0.02027329	0.17943385	-0.1524401	0.027383862	0.096233554	-0.01799442	-0.006250475	-0.19992515	-0.02232325	-0.1327873	-0.07164413	-0.18060182	-0.08154209	0.13622515	-0.016075088	0.03776029	-0.10752971	0.07166607	0.14233151	-0.03653047	-0.06787914	0.079885826	0.17244758	0.030170627	0.07950041	0.010322625
-0.0135002425	0.14128037	-0.3333823	-0.022929905	0.062262803	0.023379963	0.054674666	0.056438137	-0.006475197	-0.072498165	0.17806889	0.25305146	0.08553582	0.22087185	0.028830292	-0.21266672	0.0074330447	-0.044952463	-0.10381431	0.068177685	0.076649144	0.00096048246	-0.014199077	-0.064545244	0.17333852	-0.036207177	0.049527846	-0.13221514	0.09285406	-0.09160969	-0.09983974	-0.09121499	-0.22571398	-0.262308	-0.08340654	0.0040592183	-0.18648946	-0.033848267	-0.08755798	0.019344058	-0.037817646	-0.054410044	0.17986345	-0.07866135	-0.03343437	0.049428113	0.0766373	-0.19995618	0.07587858	-0.007559998	0.09943349	0.047496863	0.08459016	-0.0326459	-0.018120075	0.17379853	-0.14339133	-0.19237837	0.08800407	0.113538876	-0.0023471622	0.062301654	-0.09813112	0.065117076
0.10963553	-0.08251547	-0.041541528	-0.059337124	0.07567989	-0.09538277	0.038918216	-0.07744894	0.09414226	-0.00084777956	0.007922659	0.035192158	-0.05476615	-0.047879744	0.01695339	-0.14831638	-0.0013298534	0.097483896	-0.02719153	0.012415957	-0.064345285	-0.0019643544	-0.061162665	-0.0037220067	-0.05715982	-0.05629029	-0.109801784	-0.12316135	-0.08616119	-0.060299255	0.01970085	-0.043195456	0.019967766	0.045629315	0.050353274	-0.06635976	0.08581792	0.06992249	-0.037473384	-0.028929643	-0.0039212345	-0.0066019115	0.050468005	-0.025093347	0.036260027	0.05377625	0.015935358	0.06837902	-0.07696656	-0.050594103	0.005531417	-0.04173911	0.12056249	-0.09190896	-0.019650962	0.13349837	-0.0060445797	0.016394127	0.060774677	-0.10885432	0.043613408	-0.052743025	-0.030067112	-0.010582679
0.11391231	0.027646352	0.058935415	0.010942304	-0.0029947928	0.09733603	-0.026327753	-0.042117596	0.08482585	0.13112417	0.014179945	-0.02960155	0.20415425	0.015234805	0.01235882	0.018473992	0.02945609	-0.06358515	0.04872399	0.035433028	0.060329616	-0.034838974	0.16453922	0.060839918	-0.10174118	-0.013373633	0.06976259	-0.06344415	-0.1100913	0.08678967	-0.018088637	0.0031525416	0.051880088	0.003677034	-0.06569912	0.08758097	-0.05734358	0.03574375	0.14704958	-0.057233606	-0.004426194	0.07856197	0.068072684	0.038983297	-0.07749805	-0.1515763	-0.10575623	0.07938324	-0.024727004	-0.011098225	0.059627462	-0.019753484	-0.009189083	-0.04100169	0.066339746	-0.12575285	0.004420149	0.06374415	-0.06619272	0.12075219	-0.08110817	-0.04846763	-0.023507522	0.025470791
0.013095576	-0.032753017	0.23635921	0.13789861	-0.19736364	0.007490521	0.08232256	0.24714787	-0.11322922	0.20187916	0.2337972	-0.18445976	-0.08918093	-0.053937618	0.079213135	-0.035082243	0.05202004	-0.24050418	0.18415254	0.009431937	0.13699982	0.06827335	0.09723434	0.01439032	-0.14887108	0.2695935	0.1129634	0.073611744	-0.14305477	0.0058741677	-0.18763074	-0.21489854	-0.13919996	0.039238494	-0.058052033	-0.1508383	0.15812203	0.06954464	-0.013954701	-0.012588208	-0.034451302	0.15929784	0.027372692	0.030165777	0.12369418	-0.021291608	0.063589215	-0.14358108	0.32155305	-0.30971345	0.25588226	-0.22301888	0.05114475	-0.03856115	-0.07627439	0.075024754	0.010357016	0.22777013	0.028233755	0.12525393	0.12810639	-0.14848888	-0.16435121	-0.1798385
-0.17861582	-0.022968948	0.026589522	-0.18804005	-0.05572684	0.032061957	-0.07295803	-0.026741084	-0.18769738	-0.04833435	0.041141614	0.027827272	-0.11250625	0.14444381	-0.16315824	-0.009016339	-0.054051932	0.09015002	-0.14299007	-0.10104258	-0.00058959547	0.0922365	0.025146335	0.06036665	0.036363978	-0.021667713	0.12892175	0.003822562	0.19899818	-0.08673318	0.13448253	0.07999094	-0.035697408	0.056256287	0.060316935	-0.018383535	-0.069543555	0.0953446	-0.0826444	0.023787772	0.06341985	0.10366605	-0.044557657	-0.053065404	-0.015440448	0.037020646	0.08653168	-0.11252716	-0.044140175	-0.02456748	-0.14503534	-0.061983738	-0.054036107	0.067053616	-0.10633999	0.08675616	0.03566783	-0.1601527	-0.14328746	-0.035582803	-0.033392277	0.05253055	-0.06412636	-0.030027892
-0.20692772	-0.09395695	-0.08712033	-0.014353756	-0.03298869	-0.030101368	-0.0026970683	0.043181803	-0.032118116	0.13042313	0.01072915	-0.100265	0.10932566	0.035845213	0.01905915	0.059208732	0.06029603	-0.11368782	0.018344034	0.06674479	0.16309536	0.23315135	0.03977767	-0.11867287	0.07391395	-0.21480176	0.12719455	0.18312675	0.0022940435	-0.115695156	-0.3590828	0.05653614	-0.0012030788	0.18741655	-0.1577738	-0.3076348	-0.12429327	0.16013587	0.18882726	0.07979231	0.13439734	-0.10410531	0.072290674	-0.18129553	0.0075854375	-0.1818934	0.15708177	-0.01543083	0.13929169	0.1209983	-0.132755	-0.08744016	0.01914481	-0.013487573	0.106799886	-0.09292133	0.14132673	-0.13221256	-0.040311687	-0.08727805	-0.057196952	-0.18705703	0.16334005	0.061151326
0.04571584	-0.22569911	0.03234844	-0.29089355	-0.039572034	-0.023939062	-0.13141157	-0.16046962	-0.1202775	-0.07791868	-0.19876254	-0.12859389	-0.32209823	-0.026287718	0.27942473	0.1317358	0.083354086	0.25578806	-0.06651832	0.048318177	-0.116581075	-0.26918793	-0.028350966	0.08248448	0.058037274	-0.096758954	0.24522182	-0.332056	-0.15650442	-0.24860325	0.0794903	-0.26078308	-0.023081519	-0.12037998	-0.18990333	0.0020475779	-0.050384086	0.034660947	0.22620137	0.053756062	0.029556435	-0.015218434	0.16094376	-0.12191362	0.1382112	0.076017275	0.039279286	0.046155114	0.17980357	0.011584491	-0.10977024	-0.14886911	0.15821259	-0.16745903	-0.050193522	0.11376785	-0.12621422	-0.025229909	0.04380389	0.018679377	-0.07129371	-0.08513613	0.06157301	-0.01038124
-0.072131455	-0.015241452	-0.2619591	0.09554027	0.16351354	0.1348086	-0.05459394	-5.7121157e-05	0.06477627	-0.071823426	0.048923746	0.13906682	0.07474754	-0.1141828	-0.04240843	-0.06302722	0.11174138	-0.0690352	0.049059562	-0.053177916	0.032907274	-0.10535088	-0.09193997	0.082370915	0.043216445	-0.019652985	-0.22710893	-0.05295483	0.014232848	0.025782289	0.17590524	0.204473	0.032467417	-0.12263162	-0.04747106	0.02670995	-0.17332746	-0.013392627	-0.18968143	0.09481423	-0.20420687	0.07787637	0.06033386	0.025060907	0.08711915	0.12823625	-0.10227777	0.043031108	0.12180575	-0.16490984	0.12554443	0.0259807	-0.16367218	0.0033587443	-0.0693886	-0.08498378	-0.033747166	0.11324778	0.0116584925	0.0043745665	-0.06589788	0.21850087	0.09554329	-0.022507412
-0.08024033	0.10225295	0.035770323	0.023819018	-0.029039143	0.09580101	-0.08956302	0.06700131	0.009253378	0.028587138	0.07562152	-0.19591892	-0.011637129	-0.08309498	-0.07266536	0.08561557	0.123061016	0.07228065	-0.05918337	0.057961937	0.03488736	0.046314593	0.048488118	0.018861193	0.03812021	0.06834604	-0.12879586	-0.110009566	0.1002374	-0.057215486	-0.052737202	-0.02218107	-0.08184947	-0.05132829	-0.12122813	-0.07156896	-0.01944553	0.039635062	0.10356279	-0.036743235	0.12540969	-0.09989713	-0.10070477	-0.009614978	0.03774061	-0.0363333	-0.0041056727	-0.11015524	-0.1085634	-0.010163068	0.018796798	0.02744734	0.10053763	-0.07369745	-0.020872602	0.13026774	-0.10427725	-0.049915075	-0.069901556	-0.15872663	-0.0102122575	0.042878326	-0.07547521	0.023965055
0.028790085	-0.075966194	-0.13054426	0.21577933	0.0168554	-0.11638899	0.002375689	0.10711039	0.14159434	0.010375832	-0.08364531	-0.045611046	0.1642245	0.108273685	0.19383273	0.16661227	-0.18811277	0.151646	-0.08397915	0.05777514	-0.16828908	-0.087377094	0.029178891	0.1652285	-0.017115494	0.09138622	-0.14478196	0.07994644	-0.083277576	0.15955521	-0.07635064	0.0020257824	-0.2227604	-0.019452995	-0.18134795	0.0065237195	-0.098800875	0.13268153	0.017496545	0.19393061	0.13939482	0.10586573	-0.11920993	-0.12875998	0.09687835	-0.023077132	0.101689026	0.051728517	0.006594876	0.060189724	0.0068902997	-0.068848796	-0.011511028	0.19562335	0.042516142	0.2628414	0.016742479	-0.067540064	-0.032038286	-0.22525722	0.05342323	0.33101532	0.06362868	-0.25205824
-0.1588552	0.03435595	-0.17569809	0.16854352	-0.03903004	0.085310556	0.044099838	0.11907436	0.07133107	0.06935731	0.14577976	0.22537036	0.105349116	0.30321753	0.18784478	-0.30837288	0.0033351397	-0.11146081	-0.014012343	0.2994212	0.04022912	0.09687937	0.21424472	-0.098615125	0.20674412	0.13693212	-0.09594566	-0.048099533	-0.33503702	0.0010844185	-0.17541555	0.111400075	0.011690951	-0.119635135	-0.076915264	-0.045882523	-0.0589102	-0.1402584	-0.028620688	-0.17672558	-0.046953235	-0.21699938	-0.007439055	-0.16312811	-0.11075624	-0.043991838	0.0028645168	-0.08105303	0.036445253	-0.04235274	0.09760147	-0.2559302	-0.08158125	-0.010008981	-0.14745332	0.1725704	-0.052996803	-0.2701274	0.1657369	-0.17173937	0.028100062	-0.034182806	-0.014353382	0.37965977
0.12912872	0.20135525	0.17116697	-0.024218213	0.14205934	-0.28925145	-0.045465104	-0.0033521722	-0.07512378	0.20465119	0.2816704	-0.15842764	-0.08792707	-0.23203936	0.1518892	0.09533011	-0.15223405	0.0038864503	-0.050241232	0.31908336	-0.1023541	0.08173475	0.2092815	0.08093449	0.13490215	0.30539507	-0.06129641	-0.026262682	0.032077044	-0.16872597	-0.008449852	0.11615952	0.20899482	0.0393498	-0.12287747	0.13064732	0.17965536	-0.020425992	-0.07081852	-0.22839046	0.08267253	-0.103740335	0.25103065	-0.15524624	0.21316184	-0.110365	-0.17557502	0.07115979	0.27578318	0.24849908	0.18747157	-0.03792973	0.15292312	0.11545201	-0.12182385	-0.18818906	-0.48218212	-0.19015288	0.24597289	-0.15378018	-0.26295632	-0.08903786	-0.092481	0.05170372
0.0005357055	0.09547359	-0.11668881	-0.16592982	-0.18521002	0.050521415	-0.07335971	-0.043146472	-0.12570547	-0.019664198	-0.10851313	-0.18963033	0.050484467	-0.10923127	0.067385085	0.13891776	0.14415783	-0.24538329	0.17687199	0.075756185	-0.13734318	-0.078519866	0.07874943	0.20098907	0.002050616	0.103276946	0.19402017	-0.05681142	-0.17155422	-0.06787945	0.05130582	-0.09077396	0.02287777	0.14091057	-0.16275845	-0.08856172	0.09078538	0.0028952009	-0.10351929	-0.03435101	-0.062082265	-0.0047376705	-0.004166677	-0.10188615	-0.010795521	0.026733791	-0.0006194592	-0.022330927	0.12207311	0.06992243	-0.24770816	0.026155608	-0.13010967	0.035575025	0.17540188	-0.0005883546	0.009819085	0.07149274	-0.112803996	-0.24669637	0.06514923	-0.17019506	0.21915458	0.10486385
-0.09659429	-0.29176104	-0.048307918	0.04028856	-0.1386072	0.08502013	-0.019092044	0.016422955	-0.10887858	-0.075862	-0.086085886	0.022619499	0.109687105	-0.1796838	0.11145966	0.058959775	0.03054487	0.18396258	0.05395374	0.06443995	0.12815002	-0.08951039	0.022329222	0.07364397	0.010322676	-0.22532184	-0.12986143	0.20429164	0.060206182	-0.016900018	0.21400093	-0.056391124	0.020753954	-0.006147922	0.06171253	-0.14968178	-0.07477765	0.07221928	-0.15115914	0.018185114	-0.12909684	-0.18653037	0.048715495	0.0687279	0.08081012	-0.08685092	0.09428651	-0.21676582	0.030284254	-0.023356905	0.14553119	-0.07073173	0.26646858	0.37057096	-0.0074884584	-0.08517292	-0.087459356	-0.1267544	0.031360466	0.057523992	-0.052696932	-0.09842804	-0.1745249	0.047083985
-0.01712686	-0.009416807	0.1111956	0.07036275	0.1077118	0.005180173	0.017078701	0.013246906	0.020001143	0.08052827	-0.03255175	0.004111555	0.023241745	-0.024166182	0.017716289	-0.05820659	0.036714464	0.09134169	-0.05321709	-0.12255048	0.07943276	0.09731601	-0.06890574	-0.049398888	0.11697191	0.006236919	0.011637113	0.06568706	0.084555306	0.023971943	-0.20057468	0.044647433	-0.026782427	-0.07382491	0.12707978	-0.0653733	-0.055705216	0.00336393	0.009016206	0.04534077	-0.005483696	-0.11265857	-0.11721038	0.074462734	-0.0047117574	-0.09357367	0.17017497	0.0215429	-0.041101757	0.0059661623	0.14023024	0.025462048	0.014275144	0.0573586	-0.029928608	-0.10531566	-0.064421885	-0.005266515	0.046853375	-0.023211243	-0.02419869	-0.013555682	-0.04953694	-0.0018415529
-0.07629069	-0.101132326	-0.11112754	-0.03596123	0.023723695	-0.10739966	0.1376815	0.052960705	0.06250841	-0.026939437	-0.00710684	0.08154679	-0.15480088	-0.062066793	0.07232847	0.06684397	0.07871545	-0.15208998	-0.011739465	-0.007641488	0.18991564	0.09935192	0.01258746	-0.032022703	0.13461249	0.016344246	-0.044718634	-0.016658703	-0.035732124	-0.04273913	-0.04844078	0.0012614973	0.03893465	-0.039907034	0.08257858	0.11829303	-0.05213872	-0.015858773	0.17920417	-0.045819163	0.02148484	-0.12253751	-0.045610167	0.103421755	0.16016285	0.16258883	-0.17347687	0.041179754	0.1041683	0.019264901	0.013212821	0.055037923	-0.050494153	-0.03672786	0.03259567	0.0008116973	0.08564978	0.05425236	-0.019811058	-0.012995212	-0.009821468	0.18323983	-0.038231097	-0.008250969
-0.065094344	0.15085138	0.036194224	-0.10968083	0.11307248	0.0045803147	-0.32542327	0.11510826	-0.016367616	-0.12524688	0.08924163	-0.07495708	-0.095756635	-0.06327678	0.34816167	-0.03324633	-0.03742673	0.030902587	0.18528451	0.12504648	0.02287381	0.21308236	-0.034693882	0.049096182	-0.027836498	-0.16493796	-0.12607573	-0.07039	-0.02109258	0.081192896	-0.011987072	-0.05993564	-0.1299873	0.058828708	0.058064517	-0.022260148	0.11463999	0.0129768895	0.2638545	-0.16451362	-0.026410824	0.17074633	0.118234985	0.25508332	-0.0035899363	0.10352615	0.1677191	-0.19792183	-0.11320804	0.072171524	-0.020721208	-0.0031715415	-0.31965277	0.15294796	0.01586289	-0.03565201	0.044343516	-0.07033311	-0.027718091	0.020102957	-0.032632835	0.16248576	-0.024462387	0.36360565
-0.043801054	-0.024902089	-0.08837449	-0.035473615	-0.099518046	0.04273793	0.010220199	0.05809525	0.07740414	-0.20167437	0.06731552	-0.049562488	-0.08357729	-0.07502301	0.025759097	0.031137152	-0.043535963	0.015442037	0.19603412	0.057341587	0.169865	0.045415454	0.27299526	0.12852068	0.12930048	0.045970842	0.020378347	0.057599068	-0.10289948	0.08040351	0.09265923	-0.025772387	-0.073965825	0.055497702	0.034124345	-0.009746943	0.10853577	0.09189913	-0.10025926	0.18633777	-0.0021438792	0.13310608	0.19993299	-0.20142858	0.05887195	0.22067079	-0.08924382	0.053453777	0.25630212	-0.07770252	0.015596022	0.1349578	-0.18294968	0.008220009	0.067035966	0.2469804	-0.08006946	-0.017484196	-0.20613554	-0.04435513	0.040783767	-0.060480885	-0.011884765	0.14919941
0.029422132	0.14834137	0.1303004	-0.20399645	-0.31457642	0.04508272	-0.030662209	0.014241543	0.1837206	-0.09624222	0.07209532	-0.06497913	0.26283997	0.06419687	-0.005722109	-0.112161934	0.20461297	0.0056045544	0.0001402615	-0.052166585	-0.09478731	-0.045406062	0.2679215	-0.18555452	0.019099	-0.14160079	0.07309021	0.28073943	0.021864636	-0.30421865	0.15565938	0.19516811	-0.040993493	-0.1336491	0.06406143	0.10027021	-0.14852926	0.07335584	0.0754188	-0.06428933	0.2706309	0.25724488	-0.029272124	0.0844745	0.09223562	0.12354088	-0.1347431	0.20331928	0.13697197	-0.0060412036	0.1503611	-0.20975271	-0.11365062	0.11413658	-0.04586844	0.030798037	-0.11943605	-0.31867626	0.17777611	0.01816839	-0.11102373	0.0258874	0.16864327	-0.06653217
0.051858988	0.05551575	-0.14283662	-0.11946146	0.06943668	0.09879393	-0.08564152	0.07716633	0.06740814	-0.105273925	0.10719328	-0.07771967	0.05912731	0.022872427	-0.10633522	-0.00022722135	-0.005686412	-0.019787582	0.011238671	-0.05592122	-0.028793443	0.10340803	0.061898597	0.18561679	-0.09549975	-0.043444928	0.062285893	0.06474061	-0.0036325788	-0.11512972	0.085681014	-0.08893585	-0.09309288	0.08919458	-0.074309595	-0.060510196	-0.08700369	0.13779055	0.025709283	0.07943631	-0.083252385	-0.038433407	0.030113336	0.012792333	-0.035799894	0.08599948	0.065327704	0.0065795816	-0.10064812	-0.009278856	-0.06595544	0.04141147	-0.0092042135	-0.023273984	-0.21131857	-0.040076453	0.032246105	-0.015362167	-0.05931419	-0.13462374	-0.051433884	-0.13321501	-0.15794411	-0.13744386
0.07553021	0.16246621	0.015882708	0.1184207	-0.110025294	-0.002920878	-0.07821264	0.03555656	-0.14863168	-0.007534218	0.2778572	0.14053774	-0.06961971	0.02706107	0.014106596	0.10278179	0.019313816	-0.10558299	0.05440055	0.08477859	-0.014521995	-0.12975278	0.07491916	-0.0020041412	0.010251497	0.012682669	-0.03279028	-0.0038520636	0.019068498	-0.0071799234	-0.080608256	-0.0032964593	0.12797129	0.072598405	-0.17856002	0.041562118	0.13678814	0.027779365	-0.1354244	-0.06060196	-0.04640272	0.1585617	-0.049543552	0.030551668	-0.07335005	-0.010237444	-0.030000601	-0.05744651	-0.05491854	0.1685657	-0.095007904	0.04898483	0.031939246	0.056567974	-0.08974879	0.102907576	-0.1126388	0.13642214	0.0023130465	0.15927488	0.048804052	0.03364971	0.17957129	0.0055702026
0.3074082	-0.11342921	0.26559344	0.05845361	0.08049846	-0.07279066	0.03940265	-0.17920892	0.14044371	-0.052813284	0.22474343	0.12144354	-0.011063039	0.11260825	-0.14528672	-0.042993065	-0.05332202	-0.10384211	-0.05691797	-0.078885846	0.14137505	-0.12363715	0.14314449	-0.12269483	0.15335782	-0.1665372	-0.14279076	0.21774797	-0.073249646	0.23177686	-0.044941325	-0.19150195	0.13201569	-0.017239926	-0.15360735	-0.09544602	0.27447978	-0.06259607	0.15089595	0.033235874	0.11711509	0.19859992	0.04730329	-0.0039359718	0.12801819	-0.048420716	0.21942015	-0.11712716	0.22807711	0.21137899	-0.4013571	0.0024938222	0.022805175	-0.13441308	-0.16733202	0.14079393	-0.0013277921	0.020114627	-0.038007904	0.077769645	0.18390472	-0.018225044	0.17412303	0.04711233
0.191336	0.14527781	-0.0049081566	0.10436335	-0.24890421	0.16794252	0.0019501392	0.13531056	0.039239805	0.11038738	0.066259466	0.16863789	0.059780274	-0.03942748	0.21707235	-0.0626295	0.091841355	0.05298691	0.08248632	0.16283616	-0.31496856	0.029383402	-0.044241562	0.065675445	0.0024806557	-0.15696497	-0.099320985	0.06389241	-0.14600627	0.09876106	-0.04271298	0.15124607	-0.010934932	0.010899052	0.0069186264	-0.03637265	0.035292063	-0.064831674	-0.046701856	-0.064656995	-0.05829092	-0.10661868	-0.1058005	-0.06874175	0.06094678	-0.07848675	0.23216262	-0.03174476	0.17188732	-0.08284763	-0.2521952	-0.013816598	-0.11149973	-0.1881034	-0.3576484	-0.14952622	-0.14674443	-0.058887016	-0.028041918	-0.10030171	0.04216037	-0.08327106	-0.15645881	-0.09866271
-0.11889879	0.03787899	0.0494658	0.05113281	0.10216809	0.035914324	0.07633719	-0.1285536	-0.019891646	0.13242134	-0.0030616315	-0.092678286	-0.07099036	-0.38296163	0.014823759	0.17189837	0.09459763	-0.033003613	0.027292846	-0.016165627	-0.12035295	-0.16238539	0.15803747	0.095265366	0.17322226	0.09899558	0.1619111	0.21011876	0.1937667	0.10750978	-0.13414204	-0.13591008	0.059943013	-0.22655432	-0.06373724	-0.039368734	-0.0063125836	-0.36806569	-0.19307289	0.07960917	0.07973782	0.16780545	-0.07777452	-0.012850632	0.09400289	0.32757196	0.16157584	-0.16159755	0.029788468	0.070496865	-0.0599924	0.11353504	-0.061033808	0.01966515	-0.029554978	-0.12366708	0.031323213	-0.28685495	0.04762357	-0.0881363	-0.10594552	-0.08466899	-0.07941251	-0.119981945
-0.10782674	0.049359616	0.09318762	0.27557018	0.1804383	0.0701888	-0.08246507	-0.16930942	0.16525017	-0.09641772	0.03571146	-0.06768497	-0.070441954	-0.013356847	-0.038525295	-0.055812594	0.09417743	0.16190384	-0.016958982	-0.08951713	0.15198046	0.053800162	0.09811416	0.167524	0.21295497	0.007664933	0.09666893	-0.001755334	0.18786488	0.023840101	0.044325124	0.091277435	0.15004615	-0.122522645	0.07119814	0.18087962	-0.10217746	0.09312721	0.18543485	0.14727125	0.16155304	-0.12210935	-0.058445755	-0.0852154	-0.06271088	0.043473735	0.13898548	-0.06666498	0.19348635	0.024443211	0.03279594	-0.3034714	0.061262887	-0.06863784	-0.14021245	-0.088718355	0.12585802	0.08661734	-0.07672986	4.73128e-05	0.10597738	0.04017559	-0.14724714	0.12429576
0.020966552	-0.27845618	0.05671122	-0.077061705	-0.12523043	0.030399334	0.32362768	0.015055186	0.27798715	0.1857643	0.043672312	-0.013831935	0.06549078	0.048433226	-0.038914394	0.11717363	0.0073943976	-0.12652989	0.06880624	0.12365792	-0.049967065	-0.17604439	0.038883947	-0.04292842	-0.054254528	-0.29056814	-0.08032804	0.12537375	-0.25677478	0.020407753	-0.003522771	0.14145562	-0.0703534	0.096210636	-0.07342357	-0.18811223	-0.07699697	0.079064034	0.2685224	0.16171007	-0.1444133	-0.11808908	0.04150513	-0.15390275	-0.05947592	-0.16281341	-0.24243368	0.095488876	-0.08895471	-0.13833694	-0.18527329	-0.058666993	0.041986722	0.15938662	0.008777568	0.0924048	-0.13174915	0.2152717	-0.2175793	0.14235324	-0.08833816	-0.047038216	0.12825482	0.111170515
0.11935662	0.15418518	-0.14711988	-0.09342323	-0.12555566	-0.045145884	-0.08607026	0.09969106	-0.17154598	-0.07288852	-0.004555059	0.11798517	0.11434251	-0.19913787	0.20069624	0.16314808	-0.02555347	0.17452931	0.078450635	-0.098257646	0.21854477	0.04361665	0.011328613	-0.25666913	-0.052726876	0.17705977	-0.18862197	0.053654585	0.13089281	-0.0493229	0.112358764	-0.059747387	-0.11975683	0.0015147441	0.05721079	0.014408369	0.1254137	-0.1875047	-0.0054265084	0.12915239	0.06184252	-0.25521353	0.19536361	-0.15594843	-0.050714284	0.033725813	-0.06832213	0.029163808	0.011716381	0.04966447	-0.14127047	-0.1748995	-0.13981794	-0.108132176	0.04313522	0.012003781	0.18864107	0.121352434	0.1556824	0.017078064	0.0048451186	-0.05543114	-0.073521405	-0.21151868
0.10353649	0.018114181	-0.02482443	-0.08278348	-0.08229262	0.0859993	0.03608339	0.01787067	0.08207729	-0.07429883	0.01477861	0.0484812	-0.010910697	-0.08612601	-0.017651547	-0.11801298	0.06819949	0.057503525	0.12646484	0.10527466	0.07023781	-0.053362727	-0.056694906	-0.0016255423	0.06771116	-0.03572142	-0.04626188	0.11064608	0.074485585	0.026652705	-0.10982091	-0.022426153	0.10398994	-0.1748545	-0.007909323	-0.09670442	-0.023464069	0.019627001	0.15418643	0.1013687	0.07500219	-0.034572512	-0.06518534	-0.046428245	0.16296251	0.16119127	-0.047529127	0.009986936	-0.12435155	-0.13456017	-0.14442909	0.037239064	0.017155604	-0.013301892	0.09785156	0.10332823	-0.01465622	0.09682311	-0.049793676	0.09425326	-0.11122831	-0.027814474	-0.056239605	-0.07082157
0.009200007	0.0126347905	0.044156358	0.024875954	0.10678832	-0.034599546	-0.09295553	0.038318124	0.14210017	-0.05626167	0.10887068	0.025786847	0.050524194	-0.025785366	-0.048695326	0.033396553	-0.2528354	0.138217	0.015714282	-0.07383663	0.13119143	-0.08616569	-0.031194687	-0.055216536	-0.17550969	-0.16440403	-0.23254506	0.25110686	0.19091971	-0.1827078	-0.16320166	-0.20789069	-0.06555906	0.022329105	-0.079927005	0.1133506	0.19332209	0.056987338	-0.093253836	0.039897077	0.09853848	0.03129067	0.12860888	0.08140674	0.108086735	0.04537656	0.16874313	0.06217539	0.0050190566	-0.08479386	-0.071320266	0.048770525	0.10029336	-0.13498853	-0.018805161	-0.14295879	-0.18845338	-0.09241274	-0.057930812	-0.0050892043	-0.08118559	-0.024637517	0.12567697	0.04353787
-0.019233325	0.013771934	-0.07359303	-0.049521	0.054458603	-0.05755136	-0.04735444	0.07891375	-0.0044425353	-0.035437	-0.07508617	0.049693927	0.025181754	-0.11204122	-0.055630635	-0.08730438	-0.06812278	0.014821584	0.027412975	-0.07736798	-0.08357332	-0.08229105	-0.12857227	0.023029093	-0.07075361	0.01368645	0.050803315	0.03357527	0.017856896	-0.04143784	-0.052117497	0.0014128768	-0.03038983	0.009588053	0.07337413	-0.036793824	0.039469622	-0.09011286	0.019325638	0.049221296	0.0899506	-0.030319724	0.019011041	-0.14486766	-0.04497083	-0.025729718	-0.022365255	0.034976576	0.022883696	0.008630457	0.009832709	0.023036372	0.012059152	-0.069809146	0.037041903	-0.018807486	0.0147234695	0.044856723	0.11026521	-0.04442391	-0.102012984	0.0010892997	-0.023550179	0.008887309
-0.028391197	0.015646696	-0.03362345	0.06217858	-0.11558607	-0.10067369	-0.12670968	-0.14427674	0.100648135	0.18357112	0.16072921	0.050688196	-0.060197573	0.0049078343	-0.037356652	0.13659734	0.1002233	0.19352262	0.2092667	0.05749257	-0.121928506	0.09083212	0.097668536	-0.095342994	-0.028019704	-0.3542822	-0.2409589	-0.2405107	0.052682284	-0.001633552	-0.05192688	0.17512338	-0.21990761	0.01674762	0.23717368	0.15438312	-0.012509787	0.089123815	-0.12925197	0.13334848	0.08688983	-0.027078861	-0.16860409	-0.15848745	0.18452682	-0.119945996	-0.1160297	0.062100075	0.053090166	-0.07033632	0.029610664	-0.2561342	0.097422406	0.017871764	0.001591545	0.14681558	-0.33222333	0.1915657	-0.14049639	0.16046719	-0.08274704	-0.10133226	-0.17945862	0.2152152
-0.035514545	0.043998178	-0.054216526	-0.060109228	0.19601215	0.11248432	-0.15292205	0.14101498	-0.12422854	0.2540481	-0.16443513	0.15036263	0.26790205	0.073932715	0.054443862	-0.10815135	0.05768303	0.0049460013	0.19285947	-0.07024503	0.029791959	-0.28390926	0.083017245	0.21725254	0.11323859	0.10730566	0.0016990886	0.027821707	0.099057436	-0.034536626	0.024323577	-0.117984906	-0.01649181	-0.00847794	0.012032166	-0.038445655	-0.092848845	0.03499474	-0.09451039	0.040394597	0.07270939	-0.2512484	-0.17141515	0.14721368	0.057119854	-0.01189977	-0.021633105	-0.034622625	0.08438186	-0.084298655	-0.15104595	-0.024380103	-0.14698644	0.024605932	0.19635652	0.05927778	-0.19572532	0.19273981	-0.04144397	-0.21584705	0.010568889	-0.12473541	0.12658632	0.21310775
0.045265544	0.061071962	-0.12602612	0.27614683	-0.117754765	0.19508648	0.12818459	-0.04935669	0.033539575	0.074791625	-0.14579198	-0.006188548	-0.17446944	-0.09059348	-0.1613241	-0.038973913	0.06525116	0.07323416	-0.111623324	-0.003078187	-0.0069299834	-0.22409853	-0.029479874	-0.116093226	0.012492144	-0.05742241	-0.11293263	-0.12758954	0.07916011	-0.1496752	-0.13082437	-0.0074709146	0.14119996	0.1339491	-0.24359797	0.060976073	0.034957353	-0.11997756	-0.07937219	-0.07110075	-0.21407953	-0.06508582	0.13845295	-0.1313024	0.062983096	0.019796886	0.059308268	-0.07437241	-0.0906388	-0.16236395	0.1614691	-0.188795	-0.33104706	0.036716428	-0.099040635	0.13799894	0.18419793	-0.15959772	-0.34738705	-0.1588456	-0.29885042	-0.10646462	0.1844557	0.09071059
0.12807158	-0.16006824	-0.16933393	0.117504336	0.099920005	-0.03944752	-0.014790164	0.004109149	0.19127433	-0.11322596	0.08332432	-0.13736337	0.16948524	-0.06339789	-0.035284735	0.1115237	0.20154336	-0.102910995	0.121043235	0.114373714	0.051153634	-0.23294416	-0.05803887	-0.13415433	0.056969244	-0.010732781	-0.13306378	0.0638785	-0.012868752	-0.004924565	0.19007699	-0.10747363	0.12518221	0.12621365	-0.08449806	-0.071520485	-0.09997907	0.022411065	0.15792453	-0.19841003	0.13493936	-0.031982284	0.09949387	-0.06962057	0.03172386	-0.070943475	-0.1705395	-0.23006104	0.13721684	0.028694695	0.1284536	0.18164475	-0.1253884	-0.0839153	-0.15503536	-0.010103261	-0.018124012	0.14192735	0.18408585	-0.16907185	0.06414731	0.04808183	-0.07926123	0.079962336
0.09836488	0.11861599	0.080514476	0.04809926	-0.02080203	0.02872751	-0.0015780708	0.0144702615	0.011391918	0.022743408	-0.055785835	-0.06419367	0.05567606	0.04059518	0.08396513	-0.019576384	0.010950489	0.040576715	-0.012864146	0.0075436383	-0.09184809	0.02240224	0.041495945	-0.12585913	0.029855851	0.029827422	0.06280088	0.055852506	-0.015567376	-0.002482548	0.082539454	-0.025927214	-0.030694714	0.013146829	-0.05308717	0.039680295	-0.06075177	0.013113377	0.04390864	-0.0034854424	-0.047370154	-0.09411447	0.03974398	0.08810319	0.019101597	-0.12896901	-0.025850447	-0.018386561	-0.051588375	0.018655492	0.028957168	0.05787148	-0.025498195	0.027076645	-0.0022635134	-0.055466063	-0.00087801984	0.0276268	-0.00393046	0.000983567	0.03813135	0.018239843	-0.020940786	-0.029392803
0.20610097	0.10687183	-0.05449171	0.043795407	-0.19966032	0.031360406	0.104136854	0.13430911	0.10450376	-0.1269788	-0.15660024	-0.12096652	0.017391285	0.03712922	0.0622346	0.21411042	-0.023191191	0.002334296	-0.004753349	-0.14219314	0.01447397	0.02135898	-0.27066422	-0.032424834	0.0615265	0.16286446	0.035390183	0.13338844	-0.036417354	0.060782842	-0.18083139	-0.12934878	0.07759858	-0.1455036	0.017852046	0.011233606	-0.12631378	0.006802502	0.06325461	-0.052717447	0.13236038	-0.1444114	0.082897775	0.08516485	-0.10686137	0.13014589	0.008006185	0.124606416	0.012923875	-0.13693942	0.017521214	0.06192644	0.089824006	0.06252686	-0.05927975	-0.024141638	-0.05719707	-0.15755984	-0.05617767	-0.035905838	0.15459415	-0.049296662	-0.034867637	0.2479745
